发布日期,政策标题,详情链接,来源
2026-01-12,国务院办公厅关于印发《“高效办成一件事”2026年度第一批重点事项清单》的通知,https://www.gov.cn/zhengce/content/202601/content_7054526.htm,中国政府网
2026-01-07,殡葬管理条例,https://www.gov.cn/zhengce/content/202601/content_7054168.htm,中国政府网
2026-01-06,商事调解条例,https://www.gov.cn/zhengce/content/202601/content_7054049.htm,中国政府网
2026-01-05,国务院办公厅关于印发《国家低温雨雪冰冻灾害应急预案》的通知,https://www.gov.cn/zhengce/content/202601/content_7053944.htm,中国政府网
2026-01-04,国务院关于印发《固体废物综合治理行动计划》的通知,https://www.gov.cn/zhengce/content/202601/content_7053807.htm,中国政府网
2025-12-31,国务院办公厅关于印发《落实水资源刚性约束制度考核办法》的通知,https://www.gov.cn/zhengce/content/202512/content_7053461.htm,中国政府网
2025-12-30,中华人民共和国增值税法实施条例,https://www.gov.cn/zhengce/content/202512/content_7053149.htm,中国政府网
2025-12-30,国办关于同意《长株潭生态绿心加快绿色转型发展实施方案》的函,https://www.gov.cn/zhengce/content/202512/content_7053148.htm,中国政府网
2025-12-23,行政执法监督条例,https://www.gov.cn/zhengce/content/202512/content_7052495.htm,中国政府网
2025-12-22,中办国办印发《关于做好2026年元旦春节期间有关工作的通知》,../202512/content_7052402.htm,中国政府网
2025-12-18,国务院办公厅关于全链条打击涉烟违法活动的意见,https://www.gov.cn/zhengce/content/202512/content_7052155.htm,中国政府网
2025-12-16,全民阅读促进条例,https://www.gov.cn/zhengce/content/202512/content_7051858.htm,中国政府网
2025-12-15,国务院办公厅 中央军委办公厅关于印发《兵役登记工作规定》的通知,https://www.gov.cn/zhengce/content/202512/content_7051362.htm,中国政府网
2025-12-07,中共中央印发《中国共产党工作机关条例》,../202512/content_7050527.htm,中国政府网
2025-12-04,国务院关于同意萧山临江高新技术产业开发区更名为杭州钱塘高新技术产业开发区的批复,https://www.gov.cn/zhengce/content/202512/content_7050299.htm,中国政府网
2025-12-03,国务院关于《长三角国土空间规划（2023—2035年）》的批复,https://www.gov.cn/zhengce/content/202512/content_7050164.htm,中国政府网
2025-11-21,森林草原防灭火条例,https://www.gov.cn/zhengce/content/202511/content_7049204.htm,中国政府网
2025-11-14,对外使用国徽图案的办法,https://www.gov.cn/zhengce/content/202511/content_7048576.htm,中国政府网
2025-11-10,国务院办公厅印发《关于进一步促进民间投资发展的若干措施》的通知,https://www.gov.cn/zhengce/content/202511/content_7047643.htm,中国政府网
2025-11-07,国务院办公厅关于加快场景培育和开放推动新场景大规模应用的实施意见,https://www.gov.cn/zhengce/content/202511/content_7047419.htm,中国政府网
2025-11-06,生态环境监测条例,https://www.gov.cn/zhengce/content/202511/content_7047288.htm,中国政府网
2025-11-06,国务院关于《成渝地区双城经济圈国土空间规划（2021—2035年）》的批复,https://www.gov.cn/zhengce/content/202511/content_7047286.htm,中国政府网
2025-11-04,国务院办公厅关于2026年部分节假日安排的通知,https://www.gov.cn/zhengce/content/202511/content_7047090.htm,中国政府网
2025-10-28,中共中央关于制定国民经济和社会发展第十五个五年规划的建议,../202510/content_7046052.htm,中国政府网
2025-10-22,国务院关于同意设立“全民阅读活动周”的批复,https://www.gov.cn/zhengce/content/202510/content_7045361.htm,中国政府网
2025-10-17,国务院办公厅关于印发《国家地震应急预案》的通知,https://www.gov.cn/zhengce/content/202510/content_7044767.htm,中国政府网
2025-10-11,密云水库水源保护条例,https://www.gov.cn/zhengce/content/202510/content_7043916.htm,中国政府网
2025-10-10,生物医学新技术临床研究和临床转化应用管理条例,https://www.gov.cn/zhengce/content/202510/content_7043790.htm,中国政府网
2025-10-09,国务院办公厅关于印发《电子印章管理办法》的通知,https://www.gov.cn/zhengce/content/202510/content_7043696.htm,中国政府网
2025-09-30,国务院办公厅关于在政府采购中实施本国产品标准及相关政策的通知,https://www.gov.cn/zhengce/content/202509/content_7042999.htm,中国政府网
2025-09-29,国务院关于修改《中华人民共和国国际海运条例》的决定,https://www.gov.cn/zhengce/content/202509/content_7042832.htm,中国政府网
2025-09-28,中共中央印发《中国共产党思想政治工作条例》,../202509/content_7042643.htm,中国政府网
2025-09-23,军用土地管理条例,https://www.gov.cn/zhengce/content/202509/content_7041917.htm,中国政府网
2025-09-15,外国驻华外交领事机构中国籍雇员管理条例,https://www.gov.cn/zhengce/content/202509/content_7040749.htm,中国政府网
2025-09-15,国务院办公厅关于进一步加强旅游市场综合监管的通知,https://www.gov.cn/zhengce/content/202509/content_7040751.htm,中国政府网
2025-09-12,国务院办公厅关于印发《“三北”工程总体规划》的通知,https://www.gov.cn/zhengce/content/202509/content_7040317.htm,中国政府网
2025-09-11,国务院关于全国部分地区要素市场化配置综合改革试点实施方案的批复,https://www.gov.cn/zhengce/content/202509/content_7040121.htm,中国政府网
2025-09-10,国务院关于新建黄岩岛国家级自然保护区的批复,https://www.gov.cn/zhengce/content/202509/content_7039976.htm,中国政府网
2025-09-10,国务院关于《医疗卫生强基工程实施方案》的批复,https://www.gov.cn/zhengce/content/202509/content_7039977.htm,中国政府网
2025-09-04,国务院办公厅关于释放体育消费潜力进一步推进体育产业高质量发展的意见,https://www.gov.cn/zhengce/content/202509/content_7039155.htm,中国政府网
